"index","p.value.mardia.skew.failure","p.value.mardia.kurt.failure","p.value.hz.failure","p.value.royston.failure","p.value.param.failure","p.value.param.relaxed.failure","beta.ML.failure","K.ML.failure","theta.ML.failure","sigma2.ML.failure"
1,0.0370742251676031,0.594492076726588,0.104410641955398,0.0975844390417898,0.134960570691661,0.278139478755018,7.82981565578979,0.988269763167829,0.00639087605001534,0.133015669360247
2,0.532248619190703,0.394056562026417,0.968894163229953,0.515291477812976,0.010058348150451,0.250853605273264,7.84541264926224,0.980447313604001,-0.00868770235006919,0.812819459329497
3,0.514929971103437,0.436920334691426,0.753331308993868,0.280789192026799,0.0499630056758368,0.179719327842566,7.94416900232818,0.978726355177719,0.00968760700122624,1.95302680386803
4,0.498418336960288,0.652165637715077,0.122004844339467,0.0398615229836865,0.126926995997557,0.245896240582419,7.98002638666229,0.987888654200818,-0.00675046307787466,3.24137136679979
