"index","p.value.mardia.skew.success","p.value.mardia.kurt.success","p.value.hz.success","p.value.royston.success","p.value.param.success","p.value.param.relaxed.success","beta.ML.success","K.ML.success","theta.ML.success","sigma2.ML.success"
1,0.308635944017444,0.328486281165682,0.180977200094522,0.54052118146893,0.04330382260461,0.312277748866075,8.13749743869789,1.01509899515825,-0.00922109200916125,0.128390950031844
2,0.282793038525214,0.484196511734315,0.731688610738089,0.0893267979122872,0.381627769643956,0.592999782414676,8.11497006808015,1.02655473961487,-0.000950279235876259,0.788847073297471
3,0.791502089862897,0.753925984937632,0.414297080308538,0.0291307938577917,0.0128122767851936,0.125397451766514,8.01899231826399,1.02325837406862,-0.0133419058727698,1.90436004168494
4,0.917443211580927,0.337863064741729,0.969783117705665,0.130236122281665,0.916531234747377,0.951726362959624,8.04769694204177,1.02165033601189,-0.000787440382209287,3.18006750001238
