"index","n.independent.channels","m","n.failure","n.success","sigma2.actual"
1,400,0,10000,10000,0.13183
2,400,1,9600,10400,0.79433
3,400,2,9600,10400,1.9275
4,400,3,10000,10000,3.1989
